Workbook

Sheet Sheet1
A1: SUMMARY OUTPUT
A3: Regression Statistics
A4: Multiple R | B4: 0.94721203
A5: R Square | B5: 0.89721064
A6: Adjusted R Square | B6: 0.89563733
A7: Standard Error | B7: 1.6855104
A8: Observations | B8: 200
A10: ANOVA
B11: df | C11: SS | D11: MS | E11: F | F11: Significance F
A12: Regression | B12: 3 | C12: 4860.3235 | D12: 1620.1078 | E12: 570.2707 | F12: 1.5752273e-96
A13: Residual | B13: 196 | C13: 556.82526 | D13: 2.8409452
A14: Total | B14: 199 | C14: 5417.1487
B16: Coefficients | C16: Standard Error | D16: t Stat | E16: P-value | F16: Lower 95% | G16: Upper 95% | H16: Lower 95.0% | I16: Upper 95.0%
A17: Intercept | B17: 2.9388894 | C17: 0.31190824 | D17: 9.4222884 | E17: 1.2672945e-17 | F17: 2.3237623 | G17: 3.5540165 | H17: 2.3237623 | I17: 3.5540165
A18: TV | B18: 0.045764645 | C18: 0.0013948968 | D18: 32.808624 | E18: 1.50996e-81 | F18: 0.043013712 | G18: 0.048515579 | H18: 0.043013712 | I18: 0.048515579
A19: Radio | B19: 0.18853002 | C19: 0.008611234 | D19: 21.893496 | E19: 1.5053389e-54 | F19: 0.17154745 | G19: 0.20551259 | H19: 0.17154745 | I19: 0.20551259
A20: Newspaper | B20: -0.001037493 | C20: 0.0058710096 | D20: -0.17671459 | E20: 0.85991505 | F20: -0.012615953 | G20: 0.010540967 | H20: -0.012615953 | I20: 0.010540967
A24: RESIDUAL OUTPUT | F24: PROBABILITY OUTPUT
A26: Observation | B26: Predicted Sales | C26: Residuals | D26: Standard Residuals | F26: Percentile | G26: Sales
A27: 1 | B27: 20.523974 | C27: 1.5760256 | D27: 0.94217231 | F27: 0.25 | G27: 1.6
A28: 2 | B28: 12.337855 | C28: -1.9378548 | D28: -1.1584794 | F28: 0.75 | G28: 3.2
A29: 3 | B29: 12.307671 | C29: -3.0076708 | D29: -1.7980318 | F29: 1.25 | G29: 4.8
A30: 4 | B30: 17.59783 | C30: 0.90217049 | D30: 0.53933138 | F30: 1.75 | G30: 5.3
A31: 5 | B31: 13.188672 | C31: -0.28867186 | D31: -0.17257247 | F31: 2.25 | G31: 5.3
A32: 6 | B32: 12.478348 | C32: -5.2783476 | D32: -3.1554773 | F32: 2.75 | G32: 5.5
A33: 7 | B33: 11.72976 | C33: 0.070240048 | D33: 0.04199058 | F33: 3.25 | G33: 5.6
A34: 8 | B34: 12.122953 | C34: 1.0770468 | D34: 0.64387515 | F34: 3.75 | G34: 5.7
A35: 9 | B35: 3.7273409 | C35: 1.0726591 | D35: 0.64125211 | F35: 4.25 | G35: 5.9
A36: 10 | B36: 12.550849 | C36: -1.9508487 | D36: -1.1662473 | F36: 4.75 | G36: 6.6
A37: 11 | B37: 7.0322992 | C37: 1.5677008 | D37: 0.93719563 | F37: 5.25 | G37: 6.6
A38: 12 | B38: 17.285129 | C38: 0.11487082 | D38: 0.06867154 | F38: 5.75 | G38: 6.7
... A226: 200 | B226: 15.173196 | C226: -1.7731955 | D226: -1.0600435 | F226: 99.75 | G226: 27

Sheet advertising
B1: TV | C1: Radio | D1: Newspaper | E1: Sales | F1: Yhat | G1: RSS | H1: TSS | I1: ESS | J1: sum TSS | K1: sum ESS | L1: 2.9388894 | M1: 0.045764645 | N1: 0.18853002 | O1: 1/TV | P1: Sales | Q1: log(TV) | R1: Sales
A2: 1 | B2: 230.1 | C2: 37.8 | D2: 69.2 | E2: 22.1 | F2: =$L$1+advertising!$M$1*advertising!B2+advertising!$N$1*advertising!C2 -> 20.595769 | G2: =(E2-F2)^2 -> 2.2627111 | H2: =(E2-AVERAGE($E$2:$E$201))^2 -> 65.246006 | I2: =(F2-AVERAGE($E$2:$E$201))^2 -> 43.207864 | J2: =SUM(H2:H201) -> 5417.1487 | K2: =SUM(I2:I201) -> 4871.3378 | O2: =1/B2 -> 0.0043459365 | P2: 22.1 | Q2: =LN(B2) -> 5.438514 | R2: 22.1 | T2: X | U2: Y
A3: 2 | B3: 44.5 | C3: 39.3 | D3: 45.1 | E3: 10.4 | F3: =$L$1+advertising!$M$1*advertising!B3+advertising!$N$1*advertising!C3 -> 12.384646 | G3: =(E3-F3)^2 -> 3.9388188 | H3: =(E3-AVERAGE($E$2:$E$201))^2 -> 13.122506 | I3: =(F3-AVERAGE($E$2:$E$201))^2 -> 2.6825665 | K3: =J2-K2 -> 545.81092 | O3: =1/B3 -> 0.02247191 | P3: 10.4 | Q3: =LN(B3) -> 3.7954892 | R3: 10.4 | T3: 200 X 3 | U3: 200 X 1
A4: 3 | B4: 17.2 | C4: 45.9 | D4: 69.3 | E4: 9.3 | F4: =$L$1+advertising!$M$1*advertising!B4+advertising!$N$1*advertising!C4 -> 12.379569 | G4: =(E4-F4)^2 -> 9.4837455 | H4: =(E4-AVERAGE($E$2:$E$201))^2 -> 22.302006 | I4: =(F4-AVERAGE($E$2:$E$201))^2 -> 2.6992221 | K4: =SUM(G2:G201) -> 557.12783 | O4: =1/B4 -> 0.058139535 | P4: 9.3 | Q4: =LN(B4) -> 2.8449094 | R4: 9.3
A5: 4 | B5: 151.5 | C5: 41.3 | D5: 58.5 | E5: 18.5 | F5: =$L$1+advertising!$M$1*advertising!B5+advertising!$N$1*advertising!C5 -> 17.658523 | G5: =(E5-F5)^2 -> 0.70808379 | H5: =(E5-AVERAGE($E$2:$E$201))^2 -> 20.048006 | I5: =(F5-AVERAGE($E$2:$E$201))^2 -> 13.220662 | L5: =(K2/J2) -> 0.89924388 | O5: =1/B5 -> 0.0066006601 | P5: 18.5 | Q5: =LN(B5) -> 5.0205856 | R5: 18.5 | T5: X | U5: (X1, X2,X3)
A6: 5 | B6: 180.8 | C6: 10.8 | D6: 58.4 | E6: 12.9 | F6: =$L$1+advertising!$M$1*advertising!B6+advertising!$N$1*advertising!C6 -> 13.249261 | G6: =(E6-F6)^2 -> 0.12198356 | H6: =(E6-AVERAGE($E$2:$E$201))^2 -> 1.2600063 | I6: =(F6-AVERAGE($E$2:$E$201))^2 -> 0.59789785 | O6: =1/B6 -> 0.0055309735 | P6: 12.9 | Q6: =LN(B6) -> 5.1973914 | R6: 12.9
A7: 6 | B7: 8.7 | C7: 48.9 | D7: 75 | E7: 7.2 | F7: =$L$1+advertising!$M$1*advertising!B7+advertising!$N$1*advertising!C7 -> 12.55616 | G7: =(E7-F7)^2 -> 28.688446 | H7: =(E7-AVERAGE($E$2:$E$201))^2 -> 46.546506 | I7: =(F7-AVERAGE($E$2:$E$201))^2 -> 2.1501541 | O7: =1/B7 -> 0.11494253 | P7: 7.2 | Q7: =LN(B7) -> 2.163323 | R7: 7.2
A8: 7 | B8: 57.5 | C8: 32.8 | D8: 23.5 | E8: 11.8 | F8: =$L$1+advertising!$M$1*advertising!B8+advertising!$N$1*advertising!C8 -> 11.754141 | G8: =(E8-F8)^2 -> 0.0021030444 | H8: =(E8-AVERAGE($E$2:$E$201))^2 -> 4.9395063 | I8: =(F8-AVERAGE($E$2:$E$201))^2 -> 5.1454524 | O8: =1/B8 -> 0.017391304 | P8: 11.8 | Q8: =LN(B8) -> 4.0517849 | R8: 11.8
A9: 8 | B9: 120.2 | C9: 19.6 | D9: 11.6 | E9: 13.2 | F9: =$L$1+advertising!$M$1*advertising!B9+advertising!$N$1*advertising!C9 -> 12.134988 | G9: =(E9-F9)^2 -> 1.1342504 | H9: =(E9-AVERAGE($E$2:$E$201))^2 -> 0.67650625 | I9: =(F9-AVERAGE($E$2:$E$201))^2 -> 3.5627012 | K9: 200*4 | O9: =1/B9 -> 0.0083194676 | P9: 13.2 | Q9: =LN(B9) -> 4.789157 | R9: 13.2
A10: 9 | B10: 8.6 | C10: 2.1 | D10: 1 | E10: 4.8 | F10: =$L$1+advertising!$M$1*advertising!B10+advertising!$N$1*advertising!C10 -> 3.7283784 | G10: =(E10-F10)^2 -> 1.1483729 | H10: =(E10-AVERAGE($E$2:$E$201))^2 -> 85.054506 | I10: =(F10-AVERAGE($E$2:$E$201))^2 -> 105.96894 | K10: 230.1 | L10: 37.8 | M10: 69.2 | O10: =1/B10 -> 0.11627907 | P10: 4.8 | Q10: =LN(B10) -> 2.1517622 | R10: 4.8
A11: 10 | B11: 199.8 | C11: 2.6 | D11: 21.2 | E11: 10.6 | F11: =$L$1+advertising!$M$1*advertising!B11+advertising!$N$1*advertising!C11 -> 12.572844 | G11: =(E11-F11)^2 -> 3.8921118 | H11: =(E11-AVERAGE($E$2:$E$201))^2 -> 11.713506 | I11: =(F11-AVERAGE($E$2:$E$201))^2 -> 2.1015037 | O11: =1/B11 -> 0.005005005 | P11: 10.6 | Q11: =LN(B11) -> 5.2973169 | R11: 10.6
A12: 11 | B12: 66.1 | C12: 5.8 | D12: 24.2 | E12: 8.6 | F12: =$L$1+advertising!$M$1*advertising!B12+advertising!$N$1*advertising!C12 -> 7.0574065 | G12: =(E12-F12)^2 -> 2.3795946 | H12: =(E12-AVERAGE($E$2:$E$201))^2 -> 29.403506 | I12: =(F12-AVERAGE($E$2:$E$201))^2 -> 48.512527 | K12: =_xlfn.STDEV.S(F2:F201)^2 -> 24.478075 | O12: =1/B12 -> 0.015128593 | P12: 8.6 | Q12: =LN(B12) -> 4.1911687 | R12: 8.6
A13: 12 | B13: 214.7 | C13: 24 | D13: 4 | E13: 17.4 | F13: =$L$1+advertising!$M$1*advertising!B13+advertising!$N$1*advertising!C13 -> 17.289279 | G13: =(E13-F13)^2 -> 0.012259106 | H13: =(E13-AVERAGE($E$2:$E$201))^2 -> 11.407506 | I13: =(F13-AVERAGE($E$2:$E$201))^2 -> 10.671846 | O13: =1/B13 -> 0.0046576619 | P13: 17.4 | Q13: =LN(B13) -> 5.3692417 | R13: 17.4
A14: 13 | B14: 23.8 | C14: 35.1 | D14: 65.9 | E14: 9.2 | F14: =$L$1+advertising!$M$1*advertising!B14+advertising!$N$1*advertising!C14 -> 10.645492 | G14: =(E14-F14)^2 -> 2.0894457 | H14: =(E14-AVERAGE($E$2:$E$201))^2 -> 23.256506 | I14: =(F14-AVERAGE($E$2:$E$201))^2 -> 11.404186 | O14: =1/B14 -> 0.042016807 | P14: 9.2 | Q14: =LN(B14) -> 3.1696856 | R14: 9.2
A15: 14 | B15: 97.5 | C15: 7.6 | D15: 7.2 | E15: 9.7 | F15: =$L$1+advertising!$M$1*advertising!B15+advertising!$N$1*advertising!C15 -> 8.8337704 | G15: =(E15-F15)^2 -> 0.75035367 | H15: =(E15-AVERAGE($E$2:$E$201))^2 -> 18.684006 | I15: =(F15-AVERAGE($E$2:$E$201))^2 -> 26.922915 | O15: =1/B15 -> 0.01025641 | P15: 9.7 | Q15: =LN(B15) -> 4.5798524 | R15: 9.7
A16: 15 | B16: 204.1 | C16: 32.9 | D16: 46 | E16: 19 | F16: =$L$1+advertising!$M$1*advertising!B16+advertising!$N$1*advertising!C16 -> 18.482091 | G16: =(E16-F16)^2 -> 0.26822967 | H16: =(E16-AVERAGE($E$2:$E$201))^2 -> 24.775506 | I16: =(F16-AVERAGE($E$2:$E$201))^2 -> 19.887952 | O16: =1/B16 -> 0.004899559 | P16: 19 | Q16: =LN(B16) -> 5.3186101 | R16: 19
A17: 16 | B17: 195.4 | C17: 47.7 | D17: 52.9 | E17: 22.4 | F17: =$L$1+advertising!$M$1*advertising!B17+advertising!$N$1*advertising!C17 -> 20.874183 | G17: =(E17-F17)^2 -> 2.3281178 | H17: =(E17-AVERAGE($E$2:$E$201))^2 -> 70.182506 | I17: =(F17-AVERAGE($E$2:$E$201))^2 -> 46.945559 | O17: =1/B17 -> 0.0051177073 | P17: 22.4 | Q17: =LN(B17) -> 5.2750487 | R17: 22.4
A18: 17 | B18: 67.8 | C18: 36.6 | D18: 114 | E18: 12.5 | F18: =$L$1+advertising!$M$1*advertising!B18+advertising!$N$1*advertising!C18 -> 12.941931 | G18: =(E18-F18)^2 -> 0.19530297 | H18: =(E18-AVERAGE($E$2:$E$201))^2 -> 2.3180063 | I18: =(F18-AVERAGE($E$2:$E$201))^2 -> 1.1676295 | O18: =1/B18 -> 0.014749263 | P18: 12.5 | Q18: =LN(B18) -> 4.2165622 | R18: 12.5
A19: 18 | B19: 281.4 | C19: 39.6 | D19: 55.8 | E19: 24.4 | F19: =$L$1+advertising!$M$1*advertising!B19+advertising!$N$1*advertising!C19 -> 23.282849 | G19: =(E19-F19)^2 -> 1.2480258 | H19: =(E19-AVERAGE($E$2:$E$201))^2 -> 107.69251 | I19: =(F19-AVERAGE($E$2:$E$201))^2 -> 85.754069 | O19: =1/B19 -> 0.0035536603 | P19: 24.4 | Q19: =LN(B19) -> 5.6397771 | R19: 24.4
A20: 19 | B20: 69.2 | C20: 20.5 | D20: 18.3 | E20: 11.3 | F20: =$L$1+advertising!$M$1*advertising!B20+advertising!$N$1*advertising!C20 -> 9.9706682 | G20: =(E20-F20)^2 -> 1.7671231 | H20: =(E20-AVERAGE($E$2:$E$201))^2 -> 7.4120063 | I20: =(F20-AVERAGE($E$2:$E$201))^2 -> 16.417341 | O20: =1/B20 -> 0.014450867 | P20: 11.3 | Q20: =LN(B20) -> 4.2370009 | R20: 11.3
A21: 20 | B21: 147.3 | C21: 23.9 | D21: 19.1 | E21: 14.6 | F21: =$L$1+advertising!$M$1*advertising!B21+advertising!$N$1*advertising!C21 -> 14.185889 | G21: =(E21-F21)^2 -> 0.17148788 | H21: =(E21-AVERAGE($E$2:$E$201))^2 -> 0.33350625 | I21: =(F21-AVERAGE($E$2:$E$201))^2 -> 0.026695981 | O21: =1/B21 -> 0.0067888663 | P21: 14.6 | Q21: =LN(B21) -> 4.9924713 | R21: 14.6
A22: 21 | B22: 218.4 | C22: 27.7 | D22: 53.4 | E22: 18 | F22: =$L$1+advertising!$M$1*advertising!B22+advertising!$N$1*advertising!C22 -> 18.156169 | G22: =(E22-F22)^2 -> 0.024388883 | H22: =(E22-AVERAGE($E$2:$E$201))^2 -> 15.820506 | I22: =(F22-AVERAGE($E$2:$E$201))^2 -> 17.087223 | O22: =1/B22 -> 0.0045787546 | P22: 18 | Q22: =LN(B22) -> 5.3863282 | R22: 18
A23: 22 | B23: 237.4 | C23: 5.1 | D23: 23.5 | E23: 12.5 | F23: =$L$1+advertising!$M$1*advertising!B23+advertising!$N$1*advertising!C23 -> 14.764919 | G23: =(E23-F23)^2 -> 5.1298594 | H23: =(E23-AVERAGE($E$2:$E$201))^2 -> 2.3180063 | I23: =(F23-AVERAGE($E$2:$E$201))^2 -> 0.5511864 | O23: =1/B23 -> 0.0042122999 | P23: 12.5 | Q23: =LN(B23) -> 5.4697465 | R23: 12.5
A24: 23 | B24: 13.2 | C24: 15.9 | D24: 49.6 | E24: 5.6 | F24: =$L$1+advertising!$M$1*advertising!B24+advertising!$N$1*advertising!C24 -> 6.54061 | G24: =(E24-F24)^2 -> 0.88474709 | H24: =(E24-AVERAGE($E$2:$E$201))^2 -> 70.938506 | I24: =(F24-AVERAGE($E$2:$E$201))^2 -> 55.978679 | O24: =1/B24 -> 0.075757576 | P24: 5.6 | Q24: =LN(B24) -> 2.5802168 | R24: 5.6
... A201: 200 | B201: 232.1 | C201: 8.6 | D201: 8.7 | E201: 13.4 | F201: =$L$1+advertising!$M$1*advertising!B201+advertising!$N$1*advertising!C201 -> 15.182222 | G201: =(E201-F201)^2 -> 3.1763143 | H201: =(E201-AVERAGE($E$2:$E$201))^2 -> 0.38750625 | I201: =(F201-AVERAGE($E$2:$E$201))^2 -> 1.3449545 | O201: =1/B201 -> 0.0043084877 | P201: 13.4 | Q201: =LN(B201) -> 5.4471683 | R201: 13.4

Sheet Sheet2
D1: TV | E1: Radio | F1: Newspaper | G1: Sales
C2: 1 | D2: 230.1 | E2: 37.8 | F2: 69.2 | G2: 22.1
C3: 2 | D3: 44.5 | E3: 39.3 | F3: 45.1 | G3: 10.4
C4: 3 | D4: 17.2 | E4: 45.9 | F4: 69.3 | G4: 9.3
C5: 4 | D5: 151.5 | E5: 41.3 | F5: 58.5 | G5: 18.5 | Q5: LOOCV
C6: 5 | D6: 180.8 | E6: 10.8 | F6: 58.4 | G6: 12.9 | Q6: 1 | R6: 230.1 | S6: 37.8 | T6: 69.2 | U6: 22.1 | X6: 2 | Y6: 44.5 | Z6: 39.3 | AA6: 45.1 | AB6: 10.4
C7: 6 | D7: 8.7 | E7: 48.9 | F7: 75 | G7: 7.2 | Q7: 2 | R7: 44.5 | S7: 39.3 | T7: 45.1 | U7: 10.4 | X7: 3 | Y7: 17.2 | Z7: 45.9 | AA7: 69.3 | AB7: 9.3
C8: 7 | D8: 57.5 | E8: 32.8 | F8: 23.5 | G8: 11.8 | Q8: 3 | R8: 17.2 | S8: 45.9 | T8: 69.3 | U8: 9.3 | X8: 4 | Y8: 151.5 | Z8: 41.3 | AA8: 58.5 | AB8: 18.5
C9: 8 | D9: 120.2 | E9: 19.6 | F9: 11.6 | G9: 13.2 | Q9: 4 | R9: 151.5 | S9: 41.3 | T9: 58.5 | U9: 18.5 | X9: 5 | Y9: 180.8 | Z9: 10.8 | AA9: 58.4 | AB9: 12.9
C10: 9 | D10: 8.6 | E10: 2.1 | F10: 1 | G10: 4.8 | Q10: 5 | R10: 180.8 | S10: 10.8 | T10: 58.4 | U10: 12.9 | X10: 6 | Y10: 8.7 | Z10: 48.9 | AA10: 75 | AB10: 7.2
C11: 10 | D11: 199.8 | E11: 2.6 | F11: 21.2 | G11: 10.6 | Q11: 6 | R11: 8.7 | S11: 48.9 | T11: 75 | U11: 7.2 | X11: 7 | Y11: 57.5 | Z11: 32.8 | AA11: 23.5 | AB11: 11.8
K12: 5,6,10 | L12: 1,2,5,6,8 | Q12: 7 | R12: 57.5 | S12: 32.8 | T12: 23.5 | U12: 11.8 | X12: 8 | Y12: 120.2 | Z12: 19.6 | AA12: 11.6 | AB12: 13.2
K13: 1 | L13: 2 | M13: 3 | N13: 4 | Q13: 8 | R13: 120.2 | S13: 19.6 | T13: 11.6 | U13: 13.2 | X13: 9 | Y13: 8.6 | Z13: 2.1 | AA13: 1 | AB13: 4.8
J14: 1 | K14: 4 | L14: 4 | M14: 3 | N14: 6 | Q14: 9 | R14: 8.6 | S14: 2.1 | T14: 1 | U14: 4.8 | X14: 10 | Y14: 199.8 | Z14: 2.6 | AA14: 21.2 | AB14: 10.6
J15: 2 | K15: 2 | L15: 4 | M15: 2 | N15: 5
J16: 3 | K16: 1 | L16: 9 | M16: 2 | N16: 3
J17: 4 | K17: 3 | L17: 9 | M17: 7 | N17: 4
J18: 5 | K18: 8 | L18: 4 | M18: 4 | N18: 3
J19: 6 | K19: 2 | L19: 3 | M19: 1 | N19: 2
J20: 7 | K20: 5 | L20: 9 | M20: 6 | N20: 10
J21: 8 | K21: 2 | L21: 10 | M21: 6 | N21: 4
J22: 9 | K22: 7 | L22: 7 | M22: 1 | N22: 2
J23: 10 | K23: 9 | L23: 3 | M23: 6 | N23: 5
